,CODUBIGEO,IDPROV,CCDD
0,60504,0605,06
1,61105,0611,06
2,61109,0611,06
3,61110,0611,06
4,61203,0612,06
5,140103,1401,14
6,140106,1401,14
7,140107,1401,14
8,140108,1401,14
9,140114,1401,14
10,140115,1401,14
11,140116,1401,14
12,150201,1502,15
13,150806,1508,15
14,150902,1509,15
15,150903,1509,15
16,150904,1509,15
17,150905,1509,15
18,150202,1502,15
19,150204,1502,15
20,150205,1502,15
21,20301,0203,02
22,21206,0212,02
23,20502,0205,02
24,20503,0205,02
25,20505,0205,02
26,20506,0205,02
27,20507,0205,02
28,20511,0205,02
29,20512,0205,02
30,20513,0205,02
31,20514,0205,02
32,20515,0205,02
33,20105,0201,02
34,20305,0203,02
35,21809,0218,02
36,20901,0209,02
37,20902,0209,02
38,40608,0406,04
39,40408,0404,04
40,40409,0404,04
41,40410,0404,04
42,40412,0404,04
43,40413,0404,04
44,40506,0405,04
45,40507,0405,04
46,40508,0405,04
47,40509,0405,04
48,40510,0405,04
49,40511,0405,04
50,40512,0405,04
51,40513,0405,04
52,40705,0407,04
53,40706,0407,04
54,40801,0408,04
55,40802,0408,04
56,40803,0408,04
57,40804,0408,04
58,40805,0408,04
59,40806,0408,04
60,40807,0408,04
61,40810,0408,04
62,40811,0408,04
63,40504,0405,04
64,40115,0401,04
65,40119,0401,04
66,40120,0401,04
67,40121,0401,04
68,40122,0401,04
69,40123,0401,04
70,40124,0401,04
71,40125,0401,04
72,40127,0401,04
73,40128,0401,04
74,40201,0402,04
75,40202,0402,04
76,40203,0402,04
77,40204,0402,04
78,40205,0402,04
79,40206,0402,04
80,40207,0402,04
81,40208,0402,04
82,40103,0401,04
83,40104,0401,04
84,40111,0401,04
85,40113,0401,04
86,40116,0401,04
87,40118,0401,04
88,40302,0403,04
89,40305,0403,04
90,80108,0801,08
91,40101,0401,04
92,40102,0401,04
93,40129,0401,04
94,40110,0401,04
95,40112,0401,04
96,40117,0401,04
97,40107,0401,04
98,40109,0401,04
99,40126,0401,04
100,40704,0407,04
101,50510,0505,05
102,50410,0504,05
103,80911,0809,08
104,50411,0504,05
105,80912,0809,08
106,90720,0907,09
107,30108,0301,03
108,30601,0306,03
109,30104,0301,03
110,30605,0306,03
111,30105,0301,03
112,30216,0302,03
113,30208,0302,03
114,30602,0306,03
115,200301,2003,20
116,200402,2004,20
117,200305,2003,20
118,200405,2004,20
119,200410,2004,20
120,200404,2004,20
121,200105,2001,20
122,200101,2001,20
123,200206,2002,20
124,200403,2004,20
125,200401,2004,20
126,200104,2001,20
127,200501,2005,20
128,200202,2002,20
129,200504,2005,20
130,200506,2005,20
131,200208,2002,20
132,200603,2006,20
133,200204,2002,20
134,200607,2006,20
135,200207,2002,20
136,200205,2002,20
137,200111,2001,20
138,200201,2002,20
139,200703,2007,20
140,200203,2002,20
141,200209,2002,20
142,200604,2006,20
143,200210,2002,20
144,200701,2007,20
145,200704,2007,20
146,200705,2007,20
147,200706,2007,20
148,200602,2006,20
149,200702,2007,20
150,200115,2001,20
151,230111,2301,23
152,30610,0306,03
153,80913,0809,08
154,50412,0504,05
155,90721,0907,09
156,120609,1206,12
157,30609,0306,03
158,90722,0907,09
159,100113,1001,10
160,100607,1006,10
161,100704,1007,10
162,100705,1007,10
163,100608,1006,10
164,60605,0606,06
165,80902,0809,08
166,250202,2502,25
167,170301,1703,17
168,50505,0505,05
169,30611,0306,03
170,90723,0907,09
171,100609,1006,10
172,100610,1006,10
173,100603,1006,10
174,211105,2111,21
175,40514,0405,04
176,40701,0407,04
177,40702,0407,04
178,40502,0405,04
179,40105,0401,04
180,40106,0401,04
181,40108,0401,04
182,210502,2105,21
183,210405,2104,21
184,210404,2104,21
185,210504,2105,21
186,210403,2104,21
187,210402,2104,21
188,210505,2105,21
189,210407,2104,21
190,211303,2113,21
191,211302,2113,21
192,211307,2113,21
193,210401,2104,21
194,211305,2113,21
195,210106,2101,21
196,210703,2107,21
197,210701,2107,21
198,210202,2102,21
199,210903,2109,21
200,210607,2106,21
201,210210,2102,21
202,210205,2102,21
203,210808,2108,21
204,210101,2101,21
205,210114,2101,21
206,210109,2101,21
207,210110,2101,21
208,210115,2101,21
209,210104,2101,21
210,210709,2107,21
211,210103,2101,21
212,211102,2111,21
213,211103,2111,21
214,210108,2101,21
215,210107,2101,21
216,210105,2101,21
217,210904,2109,21
218,210702,2107,21
219,211101,2111,21
220,210902,2109,21
221,210707,2107,21
222,210605,2106,21
223,210901,2109,21
224,210606,2106,21
225,210601,2106,21
226,210704,2107,21
227,210706,2107,21
228,210608,2106,21
229,210710,2107,21
230,210203,2102,21
231,210206,2102,21
232,210214,2102,21
233,210708,2107,21
234,210705,2107,21
235,211003,2110,21
236,210213,2102,21
237,210602,2106,21
238,210804,2108,21
239,210215,2102,21
240,211004,2110,21
241,210809,2108,21
242,210803,2108,21
243,211001,2110,21
244,210801,2108,21
245,210201,2102,21
246,210204,2102,21
247,210805,2108,21
248,210208,2102,21
249,210807,2108,21
250,211002,2110,21
251,210211,2102,21
252,210212,2102,21
253,211202,2112,21
254,210209,2102,21
255,211204,2112,21
256,210806,2108,21
257,211005,2110,21
258,211201,2112,21
259,210802,2108,21
260,211206,2112,21
261,210306,2103,21
262,211208,2112,21
263,211207,2112,21
264,211205,2112,21
265,210302,2103,21
266,210301,2103,21
267,211209,2112,21
268,210310,2103,21
269,210305,2103,21
270,210307,2103,21
271,210308,2103,21
272,40515,0405,04
273,40516,0405,04
274,40517,0405,04
275,21508,0215,02
276,21509,0215,02
277,21510,0215,02
278,21511,0215,02
279,21601,0216,02
280,21602,0216,02
281,21603,0216,02
282,100510,1005,10
283,100601,1006,10
284,100311,1003,10
285,100501,1005,10
286,100503,1005,10
287,100504,1005,10
288,100505,1005,10
289,100602,1006,10
290,100502,1005,10
291,100605,1006,10
292,100701,1007,10
293,100703,1007,10
294,100207,1002,10
295,100201,1002,10
296,100202,1002,10
297,100904,1009,10
298,120704,1207,12
299,120608,1206,12
300,120301,1203,12
301,120302,1203,12
302,120303,1203,12
303,120304,1203,12
304,120502,1205,12
305,150807,1508,15
306,151001,1510,15
307,151002,1510,15
308,20306,0203,02
309,20401,0204,02
310,20402,0204,02
311,20701,0207,02
312,20801,0208,02
313,20802,0208,02
314,21409,0214,02
315,21410,0214,02
316,21702,0217,02
317,21703,0217,02
318,21704,0217,02
319,21705,0217,02
320,21706,0217,02
321,21707,0217,02
322,21708,0217,02
323,21709,0217,02
324,22001,0220,02
325,22002,0220,02
326,22003,0220,02
327,22004,0220,02
328,22005,0220,02
329,22006,0220,02
330,22007,0220,02
331,22008,0220,02
332,20103,0201,02
333,21202,0212,02
334,21203,0212,02
335,21204,0212,02
336,21205,0212,02
337,20702,0207,02
338,20703,0207,02
339,21208,0212,02
340,21209,0212,02
341,21210,0212,02
342,21301,0213,02
343,21302,0213,02
344,21303,0213,02
345,21304,0213,02
346,21305,0213,02
347,21306,0213,02
348,21307,0213,02
349,21308,0213,02
350,21501,0215,02
351,21502,0215,02
352,20803,0208,02
353,20608,0206,02
354,20609,0206,02
355,20610,0206,02
356,20611,0206,02
357,21001,0210,02
358,21002,0210,02
359,21003,0210,02
360,21004,0210,02
361,21005,0210,02
362,21006,0210,02
363,21007,0210,02
364,21401,0214,02
365,21402,0214,02
366,21403,0214,02
367,21404,0214,02
368,21406,0214,02
369,21407,0214,02
370,21408,0214,02
371,21503,0215,02
372,21504,0215,02
373,21505,0215,02
374,21506,0215,02
375,21507,0215,02
376,21604,0216,02
377,21801,0218,02
378,21802,0218,02
379,21804,0218,02
380,21808,0218,02
381,21901,0219,02
382,21902,0219,02
383,21903,0219,02
384,21904,0219,02
385,21905,0219,02
386,21906,0219,02
387,21907,0219,02
388,21908,0219,02
389,21909,0219,02
390,21910,0219,02
391,150304,1503,15
392,150305,1503,15
393,150802,1508,15
394,150804,1508,15
395,150808,1508,15
396,150809,1508,15
397,150811,1508,15
398,150812,1508,15
399,150901,1509,15
400,150906,1509,15
401,150203,1502,15
402,150301,1503,15
403,150302,1503,15
404,150303,1503,15
405,130102,1301,13
406,60101,0601,06
407,140104,1401,14
408,60608,0606,06
409,60609,0606,06
410,60610,0606,06
411,60612,0606,06
412,60613,0606,06
413,60614,0606,06
414,60302,0603,06
415,60303,0603,06
416,60402,0604,06
417,60404,0604,06
418,60405,0604,06
419,60407,0604,06
420,60410,0604,06
421,60414,0604,06
422,60418,0604,06
423,61104,0611,06
424,61301,0613,06
425,61302,0613,06
426,60901,0609,06
427,60902,0609,06
428,60903,0609,06
429,60904,0609,06
430,60905,0609,06
431,60906,0609,06
432,60802,0608,06
433,60811,0608,06
434,60803,0608,06
435,60809,0608,06
436,60801,0608,06
437,60807,0608,06
438,60804,0608,06
439,60805,0608,06
440,60603,0606,06
441,60615,0606,06
442,240101,2401,24
443,240102,2401,24
444,240103,2401,24
445,240104,2401,24
446,240105,2401,24
447,240106,2401,24
448,240201,2402,24
449,240202,2402,24
450,240203,2402,24
451,240301,2403,24
452,240302,2403,24
453,240303,2403,24
454,240304,2403,24
455,60301,0603,06
456,60304,0603,06
457,60601,0606,06
458,60607,0606,06
459,60611,0606,06
460,60701,0607,06
461,60703,0607,06
462,60307,0603,06
463,60312,0603,06
464,60401,0604,06
465,60403,0604,06
466,60406,0604,06
467,60408,0604,06
468,60409,0604,06
469,60411,0604,06
470,60412,0604,06
471,60413,0604,06
472,60415,0604,06
473,60416,0604,06
474,60417,0604,06
475,60419,0604,06
476,61112,0611,06
477,61303,0613,06
478,61304,0613,06
479,61305,0613,06
480,61306,0613,06
481,61307,0613,06
482,61308,0613,06
483,150118,1501,15
484,150113,1501,15
485,150101,1501,15
486,150116,1501,15
487,150122,1501,15
488,150120,1501,15
489,150121,1501,15
490,150130,1501,15
491,150134,1501,15
492,150136,1501,15
493,150137,1501,15
494,150141,1501,15
495,150105,1501,15
496,150128,1501,15
497,150112,1501,15
498,150132,1501,15
499,150139,1501,15
500,150131,1501,15
501,150115,1501,15
502,150104,1501,15
503,50116,0501,05
504,120805,1208,12
505,70107,0701,07
506,10106,0101,01
507,100101,1001,10
508,100102,1001,10
509,100110,1001,10
510,100111,1001,10
511,100104,1001,10
512,100106,1001,10
513,100108,1001,10
514,100112,1001,10
515,100307,1003,10
516,100313,1003,10
517,100317,1003,10
518,100321,1003,10
519,100801,1008,10
520,101102,1011,10
521,101103,1011,10
522,101104,1011,10
523,101105,1011,10
524,101107,1011,10
525,101108,1011,10
526,101004,1010,10
527,101006,1010,10
528,101007,1010,10
529,100103,1001,10
530,100323,1003,10
531,100105,1001,10
532,100802,1008,10
533,100109,1001,10
534,100316,1003,10
535,100203,1002,10
536,100204,1002,10
537,100205,1002,10
538,100206,1002,10
539,100208,1002,10
540,100301,1003,10
541,100322,1003,10
542,100803,1008,10
543,100804,1008,10
544,101101,1011,10
545,101106,1011,10
546,101001,1010,10
547,101002,1010,10
548,101003,1010,10
549,101005,1010,10
550,100506,1005,10
551,100507,1005,10
552,100508,1005,10
553,100509,1005,10
554,100901,1009,10
555,100902,1009,10
556,100511,1005,10
557,100606,1006,10
558,100401,1004,10
559,100402,1004,10
560,100403,1004,10
561,100404,1004,10
562,100604,1006,10
563,100702,1007,10
564,100903,1009,10
565,120504,1205,12
566,100905,1009,10
567,160601,1606,16
568,160602,1606,16
569,160603,1606,16
570,160604,1606,16
571,220703,2207,22
572,220202,2202,22
573,30502,0305,03
574,30607,0306,03
575,30209,0302,03
576,30215,0302,03
577,30603,0306,03
578,30109,0301,03
579,30101,0301,03
580,80702,0807,08
581,80703,0807,08
582,81003,0810,08
583,81005,0810,08
584,81006,0810,08
585,80704,0807,08
586,80705,0807,08
587,80706,0807,08
588,80707,0807,08
589,80503,0805,08
590,80504,0805,08
591,80505,0805,08
592,80508,0805,08
593,80602,0806,08
594,81201,0812,08
595,81202,0812,08
596,80201,0802,08
597,80202,0802,08
598,80204,0802,08
599,80205,0802,08
600,80206,0802,08
601,80207,0802,08
602,80203,0802,08
603,80701,0807,08
604,50609,0506,05
605,50803,0508,05
606,50810,0508,05
607,50801,0508,05
608,50809,0508,05
609,50807,0508,05
610,50706,0507,05
611,50806,0508,05
612,50705,0507,05
613,50804,0508,05
614,50802,0508,05
615,50702,0507,05
616,50808,0508,05
617,50805,0508,05
618,50619,0506,05
619,50701,0507,05
620,50707,0507,05
621,50605,0506,05
622,50303,0503,05
623,50909,0509,05
624,150607,1506,15
625,150608,1506,15
626,150609,1506,15
627,150610,1506,15
628,150612,1506,15
629,151003,1510,15
630,151004,1510,15
631,151005,1510,15
632,151007,1510,15
633,151010,1510,15
634,151013,1510,15
635,151014,1510,15
636,151016,1510,15
637,151017,1510,15
638,151018,1510,15
639,151020,1510,15
640,151021,1510,15
641,151022,1510,15
642,151024,1510,15
643,151025,1510,15
644,151026,1510,15
645,151027,1510,15
646,151028,1510,15
647,151029,1510,15
648,151030,1510,15
649,151033,1510,15
650,70106,0701,07
651,80105,0801,08
652,70104,0701,07
653,70103,0701,07
654,70101,0701,07
655,70102,0701,07
656,70105,0701,07
657,110210,1102,11
658,110201,1102,11
659,110207,1102,11
660,120114,1201,12
661,120125,1201,12
662,120908,1209,12
663,150102,1501,15
664,150103,1501,15
665,150107,1501,15
666,150125,1501,15
667,150133,1501,15
668,150140,1501,15
669,150142,1501,15
670,150143,1501,15
671,150135,1501,15
672,150110,1501,15
673,150111,1501,15
674,150114,1501,15
675,150117,1501,15
676,20903,0209,02
677,20904,0209,02
678,20905,0209,02
679,20906,0209,02
680,20907,0209,02
681,21405,0214,02
682,60103,0601,06
683,60104,0601,06
684,60503,0605,06
685,60505,0605,06
686,20205,0202,02
687,21008,0210,02
688,21009,0210,02
689,21010,0210,02
690,21011,0210,02
691,21012,0210,02
692,21013,0210,02
693,21014,0210,02
694,21015,0210,02
695,21016,0210,02
696,21101,0211,02
697,21102,0211,02
698,21103,0211,02
699,21104,0211,02
700,21105,0211,02
701,21201,0212,02
702,21207,0212,02
703,20204,0202,02
704,20302,0203,02
705,20303,0203,02
706,20304,0203,02
707,20504,0205,02
708,20508,0205,02
709,20509,0205,02
710,20601,0206,02
711,20602,0206,02
712,20603,0206,02
713,20604,0206,02
714,20605,0206,02
715,20606,0206,02
716,20607,0206,02
717,20101,0201,02
718,20102,0201,02
719,20104,0201,02
720,20106,0201,02
721,20107,0201,02
722,20108,0201,02
723,20109,0201,02
724,20110,0201,02
725,20111,0201,02
726,20112,0201,02
727,20201,0202,02
728,20202,0202,02
729,20203,0202,02
730,120901,1209,12
731,120904,1209,12
732,120413,1204,12
733,120210,1202,12
734,120215,1202,12
735,120423,1204,12
736,120127,1201,12
737,120403,1204,12
738,120420,1204,12
739,120207,1202,12
740,120421,1204,12
741,120409,1204,12
742,120428,1204,12
743,120407,1204,12
744,120408,1204,12
745,120425,1204,12
746,120404,1204,12
747,120434,1204,12
748,120414,1204,12
749,120410,1204,12
750,120135,1201,12
751,120405,1204,12
752,120424,1204,12
753,120411,1204,12
754,120417,1204,12
755,120412,1204,12
756,120415,1204,12
757,120406,1204,12
758,120802,1208,12
759,120422,1204,12
760,120205,1202,12
761,120433,1204,12
762,120432,1204,12
763,120803,1208,12
764,120810,1208,12
765,120209,1202,12
766,120808,1208,12
767,120427,1204,12
768,120801,1208,12
769,120703,1207,12
770,120701,1207,12
771,120603,1206,12
772,120605,1206,12
773,120709,1207,12
774,120806,1208,12
775,120705,1207,12
776,120702,1207,12
777,120419,1204,12
778,120606,1206,12
779,120706,1207,12
780,120602,1206,12
781,120804,1208,12
782,120601,1206,12
783,120707,1207,12
784,120607,1206,12
785,120306,1203,12
786,120708,1207,12
787,120305,1203,12
788,120807,1208,12
789,120501,1205,12
790,120503,1205,12
791,120430,1204,12
792,120429,1204,12
793,150507,1505,15
794,150509,1505,15
795,150512,1505,15
796,150515,1505,15
797,150601,1506,15
798,150605,1506,15
799,150611,1506,15
800,150701,1507,15
801,150702,1507,15
802,150703,1507,15
803,150704,1507,15
804,150705,1507,15
805,150706,1507,15
806,150707,1507,15
807,150708,1507,15
808,150709,1507,15
809,150106,1501,15
810,150109,1501,15
811,150119,1501,15
812,150123,1501,15
813,150124,1501,15
814,150126,1501,15
815,150127,1501,15
816,51005,0510,05
817,50704,0507,05
818,50621,0506,05
819,50708,0507,05
820,50614,0506,05
821,50617,0506,05
822,50615,0506,05
823,50703,0507,05
824,50601,0506,05
825,50616,0506,05
826,50611,0506,05
827,50613,0506,05
828,50612,0506,05
829,50604,0506,05
830,50606,0506,05
831,50603,0506,05
832,50608,0506,05
833,50618,0506,05
834,50610,0506,05
835,50620,0506,05
836,50908,0509,05
837,50905,0509,05
838,50602,0506,05
839,50911,0509,05
840,50607,0506,05
841,50906,0509,05
842,50910,0509,05
843,51004,0510,05
844,51003,0510,05
845,50901,0509,05
846,50907,0509,05
847,50904,0509,05
848,50301,0503,05
849,51106,0511,05
850,50304,0503,05
851,50903,0509,05
852,51010,0510,05
853,51006,0510,05
854,51102,0511,05
855,50902,0509,05
856,50302,0503,05
857,51105,0511,05
858,51008,0510,05
859,51001,0510,05
860,51103,0511,05
861,51009,0510,05
862,51007,0510,05
863,51107,0511,05
864,51101,0511,05
865,51002,0510,05
866,51011,0510,05
867,51012,0510,05
868,81007,0810,08
869,81008,0810,08
870,81009,0810,08
871,81001,0810,08
872,81002,0810,08
873,81004,0810,08
874,80708,0807,08
875,80802,0808,08
876,80501,0805,08
877,80502,0805,08
878,80506,0805,08
879,80507,0805,08
880,80601,0806,08
881,80603,0806,08
882,80604,0806,08
883,80605,0806,08
884,81206,0812,08
885,81207,0812,08
886,81208,0812,08
887,81212,0812,08
888,80606,0806,08
889,80607,0806,08
890,80608,0806,08
891,80801,0808,08
892,80803,0808,08
893,80804,0808,08
894,80805,0808,08
895,90612,0906,09
896,90614,0906,09
897,90606,0906,09
898,90603,0906,09
899,90608,0906,09
900,90605,0906,09
901,90615,0906,09
902,90602,0906,09
903,90604,0906,09
904,110301,1103,11
905,110302,1103,11
906,110303,1103,11
907,110304,1103,11
908,110305,1103,11
909,110401,1104,11
910,110402,1104,11
911,110403,1104,11
912,110405,1104,11
913,110501,1105,11
914,110404,1104,11
915,110102,1101,11
916,110103,1101,11
917,110104,1101,11
918,110105,1101,11
919,110106,1101,11
920,110110,1101,11
921,110111,1101,11
922,30202,0302,03
923,30608,0306,03
924,30219,0302,03
925,30606,0306,03
926,30604,0306,03
927,50112,0501,05
928,50102,0501,05
929,50113,0501,05
930,50111,0501,05
931,80305,0803,08
932,80301,0803,08
933,80306,0803,08
934,80307,0803,08
935,80308,0803,08
936,81105,0811,08
937,80401,0804,08
938,80403,0804,08
939,81303,0813,08
940,81305,0813,08
941,81302,0813,08
942,80103,0801,08
943,80104,0801,08
944,80107,0801,08
945,81103,0811,08
946,80910,0809,08
947,80901,0809,08
948,80914,0809,08
949,80903,0809,08
950,80404,0804,08
951,80904,0809,08
952,80905,0809,08
953,80906,0809,08
954,80408,0804,08
955,80907,0809,08
956,80908,0809,08
957,80909,0809,08
958,81304,0813,08
959,81306,0813,08
960,81307,0813,08
961,81106,0811,08
962,81301,0813,08
963,80302,0803,08
964,80303,0803,08
965,80304,0803,08
966,51104,0511,05
967,50201,0502,05
968,50204,0502,05
969,50205,0502,05
970,50206,0502,05
971,50106,0501,05
972,50105,0501,05
973,50114,0501,05
974,50511,0505,05
975,50110,0501,05
976,50504,0505,05
977,50101,0501,05
978,50115,0501,05
979,50109,0501,05
980,50103,0501,05
981,50108,0501,05
982,50107,0501,05
983,50502,0505,05
984,50403,0504,05
985,50501,0505,05
986,50404,0504,05
987,50104,0501,05
988,81101,0811,08
989,81104,0811,08
990,80402,0804,08
991,80405,0804,08
992,80406,0804,08
993,80407,0804,08
994,81209,0812,08
995,81210,0812,08
996,81211,0812,08
997,90413,0904,09
998,90404,0904,09
999,90410,0904,09
1000,90401,0904,09
1001,90409,0904,09
1002,90407,0904,09
1003,90311,0903,09
1004,90402,0904,09
1005,90412,0904,09
1006,90408,0904,09
1007,90310,0903,09
1008,90403,0904,09
1009,90312,0903,09
1010,90411,0904,09
1011,90301,0903,09
1012,90309,0903,09
1013,90106,0901,09
1014,90405,0904,09
1015,90306,0903,09
1016,90304,0903,09
1017,90302,0903,09
1018,90204,0902,09
1019,90307,0903,09
1020,90305,0903,09
1021,90308,0903,09
1022,90207,0902,09
1023,90303,0903,09
1024,90201,0902,09
1025,90205,0902,09
1026,90101,0901,09
1027,90203,0902,09
1028,90117,0901,09
1029,90118,0901,09
1030,90206,0902,09
1031,90208,0902,09
1032,90202,0902,09
1033,90103,0901,09
1034,90114,0901,09
1035,90102,0901,09
1036,90110,0901,09
1037,90119,0901,09
1038,90113,0901,09
1039,90109,0901,09
1040,90108,0901,09
1041,90104,0901,09
1042,90116,0901,09
1043,90112,0901,09
1044,90107,0901,09
1045,90105,0901,09
1046,90703,0907,09
1047,90115,0901,09
1048,90706,0907,09
1049,90701,0907,09
1050,90704,0907,09
1051,90710,0907,09
1052,90709,0907,09
1053,90711,0907,09
1054,90713,0907,09
1055,90714,0907,09
1056,90716,0907,09
1057,90715,0907,09
1058,90504,0905,09
1059,90501,0905,09
1060,90511,0905,09
1061,90719,0907,09
1062,90505,0905,09
1063,90507,0905,09
1064,90508,0905,09
1065,90509,0905,09
1066,90510,0905,09
1067,90506,0905,09
1068,90503,0905,09
1069,90502,0905,09
1070,90705,0907,09
1071,110502,1105,11
1072,110202,1102,11
1073,110203,1102,11
1074,110204,1102,11
1075,110205,1102,11
1076,110206,1102,11
1077,110208,1102,11
1078,110209,1102,11
1079,110211,1102,11
1080,120133,1201,12
1081,120903,1209,12
1082,120126,1201,12
1083,120119,1201,12
1084,120204,1202,12
1085,120101,1201,12
1086,120211,1202,12
1087,120201,1202,12
1088,120130,1201,12
1089,120122,1201,12
1090,120124,1201,12
1091,120212,1202,12
1092,120431,1204,12
1093,120134,1201,12
1094,120208,1202,12
1095,120129,1201,12
1096,120132,1201,12
1097,120117,1201,12
1098,120213,1202,12
1099,120202,1202,12
1100,120128,1201,12
1101,120105,1201,12
1102,120104,1201,12
1103,120120,1201,12
1104,120108,1201,12
1105,120106,1201,12
1106,120112,1201,12
1107,120113,1201,12
1108,120116,1201,12
1109,120111,1201,12
1110,120136,1201,12
1111,120121,1201,12
1112,120909,1209,12
1113,120906,1209,12
1114,120902,1209,12
1115,120907,1209,12
1116,120107,1201,12
1117,120214,1202,12
1118,120905,1209,12
1119,21803,0218,02
1120,160804,1608,16
1121,160802,1608,16
1122,10703,0107,01
1123,10702,0107,01
1124,10401,0104,01
1125,10103,0101,01
1126,10110,0101,01
1127,10113,0101,01
1128,10115,0101,01
1129,10517,0105,01
1130,10521,0105,01
1131,10503,0105,01
1132,10602,0106,01
1133,10109,0101,01
1134,10608,0106,01
1135,10514,0105,01
1136,10519,0105,01
1137,10605,0106,01
1138,10511,0105,01
1139,10604,0106,01
1140,10112,0101,01
1141,10507,0105,01
1142,10601,0106,01
1143,10522,0105,01
1144,10606,0106,01
1145,10119,0101,01
1146,10611,0106,01
1147,10609,0106,01
1148,10603,0106,01
1149,10504,0105,01
1150,10513,0105,01
1151,10515,0105,01
1152,10120,0101,01
1153,10104,0101,01
1154,10506,0105,01
1155,10118,0101,01
1156,10502,0105,01
1157,10607,0106,01
1158,10508,0105,01
1159,10101,0101,01
1160,10509,0105,01
1161,10523,0105,01
1162,10512,0105,01
1163,10114,0101,01
1164,10121,0101,01
1165,10108,0101,01
1166,10505,0105,01
1167,10501,0105,01
1168,10117,0101,01
1169,10516,0105,01
1170,10107,0101,01
1171,10311,0103,01
1172,10105,0101,01
1173,190104,1901,19
1174,190112,1901,19
1175,190105,1901,19
1176,190111,1901,19
1177,190101,1901,19
1178,190107,1901,19
1179,190113,1901,19
1180,190109,1901,19
1181,190110,1901,19
1182,190108,1901,19
1183,190203,1902,19
1184,190202,1902,19
1185,190103,1901,19
1186,190205,1902,19
1187,190106,1901,19
1188,190207,1902,19
1189,190204,1902,19
1190,221005,2210,22
1191,221002,2210,22
1192,221004,2210,22
1193,221001,2210,22
1194,221003,2210,22
1195,220602,2206,22
1196,220605,2206,22
1197,220601,2206,22
1198,220204,2202,22
1199,220203,2202,22
1200,220405,2204,22
1201,220406,2204,22
1202,220206,2202,22
1203,220403,2204,22
1204,220404,2204,22
1205,220707,2207,22
1206,220201,2202,22
1207,220706,2207,22
1208,220708,2207,22
1209,220709,2207,22
1210,220701,2207,22
1211,61002,0610,06
1212,61003,0610,06
1213,61007,0610,06
1214,60106,0601,06
1215,60107,0601,06
1216,60108,0601,06
1217,60109,0601,06
1218,30415,0304,03
1219,30409,0304,03
1220,30214,0302,03
1221,30206,0302,03
1222,30404,0304,03
1223,30405,0304,03
1224,30304,0303,03
1225,30406,0304,03
1226,30301,0303,03
1227,30403,0304,03
1228,30303,0303,03
1229,30307,0303,03
1230,30713,0307,03
1231,30401,0304,03
1232,30410,0304,03
1233,30305,0303,03
1234,30417,0304,03
1235,30504,0305,03
1236,30705,0307,03
1237,30711,0307,03
1238,30709,0307,03
1239,30707,0307,03
1240,30412,0304,03
1241,30306,0303,03
1242,30413,0304,03
1243,30710,0307,03
1244,30506,0305,03
1245,30210,0302,03
1246,30302,0303,03
1247,30701,0307,03
1248,30414,0304,03
1249,30402,0304,03
1250,30712,0307,03
1251,30706,0307,03
1252,30211,0302,03
1253,30505,0305,03
1254,30217,0302,03
1255,30407,0304,03
1256,30408,0304,03
1257,30102,0301,03
1258,30107,0301,03
1259,30203,0302,03
1260,30501,0305,03
1261,30503,0305,03
1262,30411,0304,03
1263,30106,0301,03
1264,30703,0307,03
1265,30103,0301,03
1266,30218,0302,03
1267,30205,0302,03
1268,30212,0302,03
1269,60110,0601,06
1270,60111,0601,06
1271,60112,0601,06
1272,60201,0602,06
1273,60305,0603,06
1274,60310,0603,06
1275,60311,0603,06
1276,60501,0605,06
1277,60502,0605,06
1278,60506,0605,06
1279,60507,0605,06
1280,60508,0605,06
1281,61101,0611,06
1282,61102,0611,06
1283,61103,0611,06
1284,61106,0611,06
1285,61107,0611,06
1286,61108,0611,06
1287,61111,0611,06
1288,61113,0611,06
1289,61201,0612,06
1290,61202,0612,06
1291,61204,0612,06
1292,130907,1309,13
1293,130908,1309,13
1294,130107,1301,13
1295,130108,1301,13
1296,130101,1301,13
1297,130104,1301,13
1298,130109,1301,13
1299,130110,1301,13
1300,130111,1301,13
1301,130201,1302,13
1302,130202,1302,13
1303,130203,1302,13
1304,130204,1302,13
1305,130205,1302,13
1306,130206,1302,13
1307,130301,1303,13
1308,130601,1306,13
1309,130602,1306,13
1310,130604,1306,13
1311,130605,1306,13
1312,130606,1306,13
1313,130608,1306,13
1314,131101,1311,13
1315,131102,1311,13
1316,131103,1311,13
1317,131104,1311,13
1318,131201,1312,13
1319,131002,1310,13
1320,131003,1310,13
1321,131004,1310,13
1322,131007,1310,13
1323,131008,1310,13
1324,10520,0105,01
1325,10706,0107,01
1326,10510,0105,01
1327,10612,0106,01
1328,10303,0103,01
1329,10518,0105,01
1330,10309,0103,01
1331,10102,0101,01
1332,10116,0101,01
1333,10307,0103,01
1334,10308,0103,01
1335,10301,0103,01
1336,10305,0103,01
1337,10310,0103,01
1338,10302,0103,01
1339,10306,0103,01
1340,10304,0103,01
1341,10704,0107,01
1342,10204,0102,01
1343,10201,0102,01
1344,10206,0102,01
1345,10202,0102,01
1346,10205,0102,01
1347,10402,0104,01
1348,10403,0104,01
1349,160502,1605,16
1350,160503,1605,16
1351,160504,1605,16
1352,160505,1605,16
1353,160506,1605,16
1354,160507,1605,16
1355,160508,1605,16
1356,160101,1601,16
1357,160102,1601,16
1358,160103,1601,16
1359,160305,1603,16
1360,160401,1604,16
1361,160402,1604,16
1362,160403,1604,16
1363,160404,1604,16
1364,160501,1605,16
1365,160509,1605,16
1366,160510,1605,16
1367,160511,1605,16
1368,160605,1606,16
1369,160606,1606,16
1370,160701,1607,16
1371,160702,1607,16
1372,160703,1607,16
1373,160704,1607,16
1374,160705,1607,16
1375,220603,2206,22
1376,220604,2206,22
1377,220401,2204,22
1378,220912,2209,22
1379,220103,2201,22
1380,220705,2207,22
1381,220205,2202,22
1382,220704,2207,22
1383,220710,2207,22
1384,220304,2203,22
1385,220702,2207,22
1386,220913,2209,22
1387,220902,2209,22
1388,220302,2203,22
1389,220301,2203,22
1390,220908,2209,22
1391,220511,2205,22
1392,220305,2203,22
1393,220914,2209,22
1394,220505,2205,22
1395,220904,2209,22
1396,220402,2204,22
1397,220909,2209,22
1398,220910,2209,22
1399,220303,2203,22
1400,220901,2209,22
1401,220903,2209,22
1402,220501,2205,22
1403,220507,2205,22
1404,220509,2205,22
1405,220907,2209,22
1406,220510,2205,22
1407,220502,2205,22
1408,220905,2209,22
1409,220504,2205,22
1410,220911,2209,22
1411,220503,2205,22
1412,220105,2201,22
1413,220506,2205,22
1414,220906,2209,22
1415,220808,2208,22
1416,220104,2201,22
1417,220508,2205,22
1418,220801,2208,22
1419,220101,2201,22
1420,220102,2201,22
1421,220803,2208,22
1422,220804,2208,22
1423,220806,2208,22
1424,220106,2201,22
1425,220809,2208,22
1426,220807,2208,22
1427,220802,2208,22
1428,220805,2208,22
1429,60808,0608,06
1430,60602,0606,06
1431,60604,0606,06
1432,150710,1507,15
1433,150711,1507,15
1434,150712,1507,15
1435,150713,1507,15
1436,150714,1507,15
1437,150715,1507,15
1438,150716,1507,15
1439,150717,1507,15
1440,150718,1507,15
1441,150719,1507,15
1442,150720,1507,15
1443,150721,1507,15
1444,150722,1507,15
1445,150723,1507,15
1446,150724,1507,15
1447,150725,1507,15
1448,150726,1507,15
1449,150727,1507,15
1450,150728,1507,15
1451,150729,1507,15
1452,150730,1507,15
1453,150731,1507,15
1454,150732,1507,15
1455,151008,1510,15
1456,151009,1510,15
1457,151012,1510,15
1458,151015,1510,15
1459,151019,1510,15
1460,151023,1510,15
1461,151031,1510,15
1462,151032,1510,15
1463,150401,1504,15
1464,150402,1504,15
1465,150503,1505,15
1466,150504,1505,15
1467,150506,1505,15
1468,150508,1505,15
1469,150510,1505,15
1470,150511,1505,15
1471,150513,1505,15
1472,150514,1505,15
1473,150516,1505,15
1474,150602,1506,15
1475,150603,1506,15
1476,150604,1506,15
1477,150606,1506,15
1478,61309,0613,06
1479,61310,0613,06
1480,61311,0613,06
1481,60907,0609,06
1482,60812,0608,06
1483,140105,1401,14
1484,140202,1402,14
1485,140203,1402,14
1486,140101,1401,14
1487,140102,1401,14
1488,140110,1401,14
1489,140111,1401,14
1490,140112,1401,14
1491,140117,1401,14
1492,140118,1401,14
1493,140119,1401,14
1494,140120,1401,14
1495,140201,1402,14
1496,140204,1402,14
1497,140205,1402,14
1498,140206,1402,14
1499,140301,1403,14
1500,140302,1403,14
1501,140304,1403,14
1502,140305,1403,14
1503,140306,1403,14
1504,140307,1403,14
1505,140308,1403,14
1506,140303,1403,14
1507,140309,1403,14
1508,140310,1403,14
1509,140311,1403,14
1510,140312,1403,14
1511,60702,0607,06
1512,200605,2006,20
1513,200608,2006,20
1514,200507,2005,20
1515,200502,2005,20
1516,200304,2003,20
1517,200801,2008,20
1518,200804,2008,20
1519,200806,2008,20
1520,200803,2008,20
1521,200802,2008,20
1522,200108,2001,20
1523,200306,2003,20
1524,200302,2003,20
1525,200308,2003,20
1526,200109,2001,20
1527,200406,2004,20
1528,200107,2001,20
1529,200805,2008,20
1530,200307,2003,20
1531,200407,2004,20
1532,200110,2001,20
1533,110112,1101,11
1534,110113,1101,11
1535,110114,1101,11
1536,110101,1101,11
1537,110503,1105,11
1538,110504,1105,11
1539,110505,1105,11
1540,110506,1105,11
1541,110507,1105,11
1542,110508,1105,11
1543,230101,2301,23
1544,230103,2301,23
1545,230301,2303,23
1546,230302,2303,23
1547,230303,2303,23
1548,180101,1801,18
1549,180102,1801,18
1550,180103,1801,18
1551,180104,1801,18
1552,180105,1801,18
1553,180106,1801,18
1554,180201,1802,18
1555,180202,1802,18
1556,180203,1802,18
1557,180204,1802,18
1558,180205,1802,18
1559,180206,1802,18
1560,180207,1802,18
1561,180208,1802,18
1562,180209,1802,18
1563,180210,1802,18
1564,180211,1802,18
1565,180301,1803,18
1566,180302,1803,18
1567,180303,1803,18
1568,230105,2301,23
1569,230106,2301,23
1570,230107,2301,23
1571,230108,2301,23
1572,230109,2301,23
1573,230110,2301,23
1574,230201,2302,23
1575,230202,2302,23
1576,230203,2302,23
1577,230204,2302,23
1578,230205,2302,23
1579,230407,2304,23
1580,230408,2304,23
1581,230102,2301,23
1582,230104,2301,23
1583,130501,1305,13
1584,130502,1305,13
1585,130503,1305,13
1586,130504,1305,13
1587,130703,1307,13
1588,130704,1307,13
1589,130705,1307,13
1590,130801,1308,13
1591,130802,1308,13
1592,130803,1308,13
1593,130804,1308,13
1594,130805,1308,13
1595,130806,1308,13
1596,130207,1302,13
1597,130208,1302,13
1598,130302,1303,13
1599,130303,1303,13
1600,130304,1303,13
1601,130305,1303,13
1602,130306,1303,13
1603,130610,1306,13
1604,130611,1306,13
1605,130613,1306,13
1606,130614,1306,13
1607,130701,1307,13
1608,130702,1307,13
1609,131202,1312,13
1610,131203,1312,13
1611,130106,1301,13
1612,130902,1309,13
1613,130903,1309,13
1614,130904,1309,13
1615,130813,1308,13
1616,130901,1309,13
1617,130905,1309,13
1618,130906,1309,13
1619,131001,1310,13
1620,250201,2502,25
1621,250401,2504,25
1622,250203,2502,25
1623,250204,2502,25
1624,250103,2501,25
1625,250301,2503,25
1626,250305,2503,25
1627,250302,2503,25
1628,250104,2501,25
1629,250304,2503,25
1630,250303,2503,25
1631,250107,2501,25
1632,250105,2501,25
1633,250101,2501,25
1634,61001,0610,06
1635,61004,0610,06
1636,61005,0610,06
1637,61006,0610,06
1638,60102,0601,06
1639,60105,0601,06
1640,60202,0602,06
1641,60203,0602,06
1642,60204,0602,06
1643,60306,0603,06
1644,60308,0603,06
1645,60309,0603,06
1646,90111,0901,09
1647,150108,1501,15
1648,20510,0205,02
1649,120401,1204,12
1650,120809,1208,12
1651,120416,1204,12
1652,40703,0407,04
1653,40414,0404,04
1654,40501,0405,04
1655,40503,0405,04
1656,40505,0405,04
1657,40808,0408,04
1658,40809,0408,04
1659,40301,0403,04
1660,40303,0403,04
1661,40304,0403,04
1662,40306,0403,04
1663,40307,0403,04
1664,40308,0403,04
1665,40309,0403,04
1666,40310,0403,04
1667,40114,0401,04
1668,200606,2006,20
1669,200601,2006,20
1670,200503,2005,20
1671,200505,2005,20
1672,200114,2001,20
1673,211304,2113,21
1674,210406,2104,21
1675,211301,2113,21
1676,211306,2113,21
1677,210111,2101,21
1678,210503,2105,21
1679,210113,2101,21
1680,210501,2105,21
1681,210102,2101,21
1682,210112,2101,21
1683,80806,0808,08
1684,80807,0808,08
1685,80808,0808,08
1686,110107,1101,11
1687,110108,1101,11
1688,110109,1101,11
1689,80309,0803,08
1690,81102,0811,08
1691,50508,0505,05
1692,50401,0504,05
1693,50405,0504,05
1694,50406,0504,05
1695,50507,0505,05
1696,50503,0505,05
1697,50402,0504,05
1698,50407,0504,05
1699,50408,0504,05
1700,50409,0504,05
1701,50509,0505,05
1702,50506,0505,05
1703,81204,0812,08
1704,81205,0812,08
1705,80101,0801,08
1706,81203,0812,08
1707,90718,0907,09
1708,90717,0907,09
1709,90707,0907,09
1710,90702,0907,09
1711,90616,0906,09
1712,90601,0906,09
1713,90609,0906,09
1714,90610,0906,09
1715,90406,0904,09
1716,90607,0906,09
1717,30708,0307,03
1718,30714,0307,03
1719,30702,0307,03
1720,30416,0304,03
1721,30704,0307,03
1722,160104,1601,16
1723,160105,1601,16
1724,160106,1601,16
1725,160107,1601,16
1726,160202,1602,16
1727,160205,1602,16
1728,160206,1602,16
1729,160210,1602,16
1730,160211,1602,16
1731,160301,1603,16
1732,160302,1603,16
1733,160303,1603,16
1734,160304,1603,16
1735,160108,1601,16
1736,160801,1608,16
1737,160110,1601,16
1738,160112,1601,16
1739,160113,1601,16
1740,160803,1608,16
1741,160201,1602,16
1742,160706,1607,16
1743,60810,0608,06
1744,60806,0608,06
1745,230206,2302,23
1746,230401,2304,23
1747,230402,2304,23
1748,230403,2304,23
1749,230404,2304,23
1750,230405,2304,23
1751,230406,2304,23
1752,130401,1304,13
1753,130402,1304,13
1754,130403,1304,13
1755,21701,0217,02
1756,21710,0217,02
1757,21805,0218,02
1758,21806,0218,02
1759,21807,0218,02
1760,130103,1301,13
1761,130105,1301,13
1762,60606,0606,06
1763,100107,1001,10
1764,30207,0302,03
1765,30213,0302,03
1766,30204,0302,03
1767,30201,0302,03
1768,80102,0801,08
1769,80106,0801,08
1770,20804,0208,02
1771,20501,0205,02
1772,120418,1204,12
1773,120203,1202,12
1774,120402,1204,12
1775,120206,1202,12
1776,120426,1204,12
1777,170102,1701,17
1778,170204,1702,17
1779,170201,1702,17
1780,170104,1701,17
1781,170203,1702,17
1782,170101,1701,17
1783,170103,1701,17
1784,170202,1702,17
1785,170303,1703,17
1786,170302,1703,17
1787,210304,2103,21
1788,211203,2112,21
1789,211210,2112,21
1790,210303,2103,21
1791,210309,2103,21
1792,150138,1501,15
1793,151011,1510,15
1794,150501,1505,15
1795,150502,1505,15
1796,150505,1505,15
1797,90613,0906,09
1798,90611,0906,09
1799,140109,1401,14
1800,140113,1401,14
1801,40518,0405,04
1802,40519,0405,04
1803,40520,0405,04
1804,40601,0406,04
1805,40602,0406,04
1806,40603,0406,04
1807,40604,0406,04
1808,40605,0406,04
1809,40606,0406,04
1810,40607,0406,04
1811,40411,0404,04
1812,200303,2003,20
1813,200408,2004,20
1814,200409,2004,20
1815,211104,2111,21
1816,210603,2106,21
1817,210207,2102,21
1818,210604,2106,21
1819,50203,0502,05
1820,51108,0511,05
1821,50202,0502,05
1822,10701,0107,01
1823,10610,0106,01
1824,10111,0101,01
1825,190208,1902,19
1826,190206,1902,19
1827,190201,1902,19
1828,190306,1903,19
1829,190301,1903,19
1830,190307,1903,19
1831,190302,1903,19
1832,190303,1903,19
1833,190305,1903,19
1834,190308,1903,19
1835,190304,1903,19
1836,190102,1901,19
1837,30220,0302,03
1838,131005,1310,13
1839,131006,1310,13
1840,150129,1501,15
1841,150801,1508,15
1842,150803,1508,15
1843,150805,1508,15
1844,150810,1508,15
1845,151006,1510,15
1846,150403,1504,15
1847,150404,1504,15
1848,150405,1504,15
1849,150406,1504,15
1850,150407,1504,15
1851,130807,1308,13
1852,130808,1308,13
1853,130809,1308,13
1854,130810,1308,13
1855,130811,1308,13
1856,130812,1308,13
1857,250102,2501,25
1858,250106,2501,25
1859,10312,0103,01
1860,10707,0107,01
1861,10705,0107,01
1862,10203,0102,01
1863,40311,0403,04
1864,40312,0403,04
1865,40313,0403,04
1866,40401,0404,04
1867,40402,0404,04
1868,40403,0404,04
1869,40404,0404,04
1870,40405,0404,04
1871,40406,0404,04
1872,40407,0404,04
1873,120604,1206,12
